code,recommendation,recommendation2,recommendation3
0,단백질이 풍부한 계란 오믈렛과 함께 비타민이 많은 신선한 과일을 드시기를 권장드립니다.,"""규칙적인 식사와 충분한 수면이 건강 유지에 중요합니다.""",규칙적인 식사와 충분한 수면이 건강 유지에 중요합니다.
0,흰 쌀밥 대신 섬유질이 풍부한 퀴노아 샐러드를 선택해보세요.,"""식사를 거르지 말고 꼭 챙겨 드세요. 하루를 시작하는 좋은 에너지원이 됩니다.""",식사를 거르지 말고 꼭 챙겨 드세요. 하루를 시작하는 좋은 에너지원이 됩니다.
0,포화지방이 적은 닭가슴살과 오메가-3가 풍부한 연어를 함께 드시기를 추천드립니다.,"""매일 30분 정도 가벼운 산책을 해보세요. 심신이 상쾌해집니다.""",매일 30분 정도 가벼운 산책을 해보세요. 심신이 상쾌해집니다.
0,고당도의 과자 대신 비타민 C가 많은 오렌지를 드셔보세요.,"""물을 충분히 마시고, 카페인 섭취는 줄이는 것이 좋습니다.""","물을 충분히 마시고, 카페인 섭취는 줄이는 것이 좋습니다."
0,주스 대신에 당분이 적고 칼로리가 낮은 녹차를 마셔보세요.,"""스트레칭을 자주 해주세요. 근육의 긴장을 풀어주고 피로를 예방합니다.""",스트레칭을 자주 해주세요. 근육의 긴장을 풀어주고 피로를 예방합니다.
0,단순 탄수화물이 많은 빵 대신 단백질과 섬유질이 풍부한 귀리 오트밀을 드셔보세요.,"""식사할 때 채소와 과일을 충분히 섭취하세요. 비타민과 미네랄이 풍부합니다.""",식사할 때 채소와 과일을 충분히 섭취하세요. 비타민과 미네랄이 풍부합니다.
0,단백질과 좋은 지방이 포함된 아보카도 토스트를 드시기를 권장드립니다.,"""하루에 최소 7시간 이상의 수면을 취하세요. 몸과 마음의 회복에 도움이 됩니다.""",하루에 최소 7시간 이상의 수면을 취하세요. 몸과 마음의 회복에 도움이 됩니다.
0,혈압을 낮추는 데 도움이 되는 토마토가 들어간 샐러드를 드셔보세요.,"""규칙적인 운동을 통해 활기찬 몸을 유지하세요. 체력과 면역력을 높입니다.""",규칙적인 운동을 통해 활기찬 몸을 유지하세요. 체력과 면역력을 높입니다.
0,고지방의 과자 대신 불포화지방산이 많은 아몬드를 섭취해보세요.,"""컴퓨터나 스마트폰을 오래 사용하지 말고, 눈의 피로를 풀어주세요.""","컴퓨터나 스마트폰을 오래 사용하지 말고, 눈의 피로를 풀어주세요."
0,아보카도와 토마토를 곁들인 통곡물 토스트를 추천드립니다.,"""하루에 한번씩 깊은 호흡을 하며 명상을 해보세요. 마음이 편안해집니다.""",하루에 한번씩 깊은 호흡을 하며 명상을 해보세요. 마음이 편안해집니다.
0,비타민 D가 풍부한 연어를 곁들인 토스트를 드셔보세요.,"""일주일에 한번은 새로운 취미를 시작해보세요. 뇌를 자극하고 새로운 즐거움을 줍니다.""",일주일에 한번은 새로운 취미를 시작해보세요. 뇌를 자극하고 새로운 즐거움을 줍니다.
0,단백질이 많고 지방이 적은 콩 샐러드를 추천드립니다.,"""식사 후 가벼운 산책을 해보세요. 소화에 도움이 됩니다.""",식사 후 가벼운 산책을 해보세요. 소화에 도움이 됩니다.
0,소화를 돕는 섬유질이 많은 브로콜리를 곁들인 닭고기 스테이크를 드셔보세요,"""자기 전에 따뜻한 차 한잔을 마시면 숙면에 도움이 됩니다.""",자기 전에 따뜻한 차 한잔을 마시면 숙면에 도움이 됩니다.
0,당도가 높은 과자 대신 항산화 성분이 많은 블루베리를 섭취해보세요.,"""가벼운 스트레칭으로 하루를 마무리하세요.""",가벼운 스트레칭으로 하루를 마무리하세요.
0,비타민 B가 많은 바나나와 함께 그릭 요거트를 드셔보세요.,"""일을 할 때는 1시간마다 잠시 일어나서 몸을 풀어주세요. 피로를 예방합니다.""",일을 할 때는 1시간마다 잠시 일어나서 몸을 풀어주세요. 피로를 예방합니다.
0,"렌틸콩, 당근, 양파로 만든 따뜻한 스프를 즐기세요","""주말에는 자연 속에서 시간을 보내세요. 스트레스 해소에 좋습니다.""",주말에는 자연 속에서 시간을 보내세요. 스트레스 해소에 좋습니다.
0,"통곡물 빵에 모짜렐라 치즈와 토마토, 바질을 넣어 섭취해보세요.","""친구나 가족과 함께 시간을 보내며 긍정적인 에너지를 얻으세요.""",친구나 가족과 함께 시간을 보내며 긍정적인 에너지를 얻으세요.
0,오메가-3 지방산이 풍부한 연어와 함께 다양한 색상의 채소를 섭취하세요.,"""식사를 할 때는 천천히 씹어 드세요. 소화가 잘 되고 포만감을 느낄 수 있습니다.""",식사를 할 때는 천천히 씹어 드세요. 소화가 잘 되고 포만감을 느낄 수 있습니다.
0,칼슘이 풍부한 저지방 요거트와 함께 베리류를 추가하여 건강을 챙기세요.,"""몸의 유연성을 위해 요가나 필라테스를 해보세요. 긴장을 풀어줍니다.""",몸의 유연성을 위해 요가나 필라테스를 해보세요. 긴장을 풀어줍니다.
0,비타민C가 많은 키위와 단백질이 풍부한 닭가슴살을 함께 드셔보세요.,"""자기 전에는 스마트폰 사용을 줄이고, 독서나 음악 감상을 해보세요.""","자기 전에는 스마트폰 사용을 줄이고, 독서나 음악 감상을 해보세요."
0,비타민A가 풍부한 당근과 단백질이 많은 렌틸콩 스프를 섭취하세요.,"""하루 중 잠깐이라도 맨발로 걷는 시간을 가져보세요. 발 건강에 좋습니다.""",하루 중 잠깐이라도 맨발로 걷는 시간을 가져보세요. 발 건강에 좋습니다.
0,섬유질이 많은 현미와 다양한 채소로 만든 볶음밥을 드세요.,"""신선한 공기를 마시며 간단한 운동을 해보세요. 활력이 생깁니다.""",신선한 공기를 마시며 간단한 운동을 해보세요. 활력이 생깁니다.
0,단백질이 풍부한 콩과 함께 철분이 많은 브로콜리를 드세요.,"""일주일에 한 번은 새로운 요리를 시도해보세요. 식사의 즐거움을 높여줍니다.""",일주일에 한 번은 새로운 요리를 시도해보세요. 식사의 즐거움을 높여줍니다.
0,비타민E가 많은 아몬드와 오메가-3 지방산이 풍부한 참치를 함께 섭취하세요.,"""매일 햇볕을 쬐며 비타민 D를 보충하세요. 뼈 건강에 좋습니다.""",매일 햇볕을 쬐며 비타민 D를 보충하세요. 뼈 건강에 좋습니다.
0,칼슘이 풍부한 두부와 비타민K가 많은 케일 샐러드를 드세요.,"""음식을 골고루 섭취하고, 편식을 피하세요. 영양소를 균형 있게 섭취하는 것이 중요합니다.""","음식을 골고루 섭취하고, 편식을 피하세요. 영양소를 균형 있게 섭취하는 것이 중요합니다."
0,섬유질이 많은 귀리와 단백질이 풍부한 그릭 요거트를 함께 드세요.,"""하루에 한 번은 감사한 일을 떠올려보세요. 긍정적인 마음가짐을 갖게 됩니다.""",하루에 한 번은 감사한 일을 떠올려보세요. 긍정적인 마음가짐을 갖게 됩니다.
0,비타민D가 많은 +B1연어와 함께 항산화제가 풍부한 블루베리를 섭취하세요.,"""계단을 자주 이용하세요. 간단한 운동이 됩니다.""",계단을 자주 이용하세요. 간단한 운동이 됩니다.
0,단백질이 많은 병아리콩과 비타민C가 풍부한 피망을 함께 드세요.,"""자주 웃고 긍정적인 태도를 유지하세요. 면역력이 높아집니다.""",자주 웃고 긍정적인 태도를 유지하세요. 면역력이 높아집니다.
0,고지방 육류 대신에 생선이나 닭가슴살을 선택하세요.,"""자연 친화적인 공간에서 시간을 보내며 스트레스를 해소하세요.""",자연 친화적인 공간에서 시간을 보내며 스트레스를 해소하세요.
0,"통곡물 빵과 상추, 오이 등 야채를 곁들인 샌드위치를 만들어 드세요.","""균형 잡힌 식단과 함께 충분한 휴식을 취하세요. 전반적인 건강을 유지하는 데 도움이 됩니다.""",균형 잡힌 식단과 함께 충분한 휴식을 취하세요. 전반적인 건강을 유지하는 데 도움이 됩니다.
1,"흰빵보다는 통밀빵으로 선택하시고, 과일주스 대신 신선한 과일을 드시는 것을 권장드립니다. 통밀빵에는 셀레늄이 풍부하여 갑상선 기능에 도움을 줍니다.","""오늘도 잘 보내셨나요? 충분한 휴식과 수면이 갑상선 건강에 중요합니다.""",오늘도 잘 보내셨나요? 충분한 휴식과 수면이 갑상선 건강에 중요합니다.
1,"백미 대신 현미밥을 드시고, 소고기 대신 오메가-3가 풍부한 연어를 드시는 것이 좋습니다.","""스트레스는 갑상선 기능에 영향을 줄 수 있습니다. 스트레스 관리를 위해 명상을 해보세요.""",스트레스는 갑상선 기능에 영향을 줄 수 있습니다. 스트레스 관리를 위해 명상을 해보세요.
1,"채소가 풍부한 샐러드를 준비하시고, 샐러드 드레싱은 고칼로리 제품보다는 올리브 오일과 발사믹 식초를 사용하는 것을 추천드립니다. 올리브 오일은 건강한 지방을 공급합니다.","""카페인 섭취를 줄이고, 따뜻한 허브차를 마시는 것을 권장드립니다.""","카페인 섭취를 줄이고, 따뜻한 허브차를 마시는 것을 권장드립니다."
1,단백질이 풍부한 계란 오믈렛과 함께 비타민이 많은 신선한 과일을 드시기를 권장드립니다.,"""고단백 식품을 충분히 섭취하세요. 근육 유지와 에너지 보충에 도움이 됩니다.""",고단백 식품을 충분히 섭취하세요. 근육 유지와 에너지 보충에 도움이 됩니다.
1,흰 쌀밥 대신 섬유질이 풍부한 퀴노아 샐러드를 선택해보세요.,"""칼슘과 비타민 D가 풍부한 음식을 섭취하여 뼈 건강을 지키세요.""",칼슘과 비타민 D가 풍부한 음식을 섭취하여 뼈 건강을 지키세요.
1,포화지방이 적은 닭가슴살과 오메가-3가 풍부한 연어를 함께 드시기를 추천드립니다.,"""적절한 운동을 통해 체력을 유지하고, 지나친 운동은 피하세요.""","적절한 운동을 통해 체력을 유지하고, 지나친 운동은 피하세요."
1,구운 가지와 병아리콩을 섞어 샐러드를 만드세요. 가지는 향산화 성분이 풍부하며 병아리콩은 단백질과 섬유질을 제공합니다.,"""식사를 규칙적으로 하세요. 작은 양을 자주 먹는 것이 좋습니다.""",식사를 규칙적으로 하세요. 작은 양을 자주 먹는 것이 좋습니다.
1,신선한 토마토와 오이를 섞어 샐러드를 만드세요. 오이는 수분과 섬유질을 제공합니다.,"""알코올 섭취를 제한하세요. 갑상선 기능에 부정적인 영향을 줄 수 있습니다.""",알코올 섭취를 제한하세요. 갑상선 기능에 부정적인 영향을 줄 수 있습니다.
1,단순 탄수화물이 많은 빵 대신 단백질과 섬유질이 풍부한 귀리 오트밀을 드셔보세요.,"""요오드가 포함된 음식을 과다 섭취하지 않도록 주의하세요.""",요오드가 포함된 음식을 과다 섭취하지 않도록 주의하세요.
1,단백질과 좋은 지방이 포함된 아보카도 토스트를 드시기를 권장드립니다.,"""매일 충분한 수분을 섭취하세요. 물은 신체 기능에 필수적입니다.""",매일 충분한 수분을 섭취하세요. 물은 신체 기능에 필수적입니다.
1,혈압을 낮추는 데 도움이 되는 토마토가 들어간 샐러드를 드셔보세요.,"""지방이 적은 단백질 식품을 선택하세요. 닭 가슴살이나 생선을 추천드립니다.""",지방이 적은 단백질 식품을 선택하세요. 닭 가슴살이나 생선을 추천드립니다.
1,고지방의 과자 대신 불포화지방산이 많은 아몬드를 섭취해보세요.,"""정기적으로 갑상선 기능 검사를 받아 현재 상태를 체크하세요.""",정기적으로 갑상선 기능 검사를 받아 현재 상태를 체크하세요.
1,저지방 그릭 요거트에 베리를 추가해 드세요. 그릭 요거트는 단백질과 프로바이오틱스를 제공하여 장 건강을 도와줍니다. 베리는 항산화제와 비타민 C가 풍부합니다.,"""규칙적인 식습관과 함께 비타민 및 미네랄 보충제를 고려해보세요.""",규칙적인 식습관과 함께 비타민 및 미네랄 보충제를 고려해보세요.
1,비타민 D가 풍부한 연어를 곁들인 토스트를 드셔보세요.,"""스트레칭과 가벼운 요가를 통해 몸의 긴장을 풀어주세요.""",스트레칭과 가벼운 요가를 통해 몸의 긴장을 풀어주세요.
1,단백질이 많고 지방이 적은 콩 샐러드를 추천드립니다.,"""식사 중 소금을 적게 사용하는 것이 좋습니다.""",식사 중 소금을 적게 사용하는 것이 좋습니다.
1,소화를 돕는 섬유질이 많은 브로콜리를 곁들인 닭고기 스테이크를 드셔보세요,"""갑상선 건강에 좋은 브라질너트 등을 간식으로 드세요.""",갑상선 건강에 좋은 브라질너트 등을 간식으로 드세요.
1,당도가 높은 과자 대신 항산화 성분이 많은 블루베리를 섭취해보세요.,"""매일 적절한 시간에 잠자리에 드는 습관을 들이세요.""",매일 적절한 시간에 잠자리에 드는 습관을 들이세요.
1,비타민 B가 많은 바나나와 함께 그릭 요거트를 드셔보세요.,"""야채와 과일을 충분히 섭취하여 항산화제를 보충하세요.""",야채와 과일을 충분히 섭취하여 항산화제를 보충하세요.
1,"철분이 풍부한 시금치 요리를 권장드립니다. 시금치 무침, 시금치 피자, 시금치 샐러드 등을 추천드립니다.","""자기 전에 따뜻한 물로 목욕을 하여 긴장을 풀어주세요.""",자기 전에 따뜻한 물로 목욕을 하여 긴장을 풀어주세요.
1,칼슘과 비타민 D가 풍부한 음식을 섭취하세요. 단백질과 칼슘이 풍부한 두부 요리를 추천해드립니다.,"""신체 활동을 통해 기분 전환을 하고, 너무 무리하지 않도록 하세요.""","신체 활동을 통해 기분 전환을 하고, 너무 무리하지 않도록 하세요."
1,오메가-3 지방산이 풍부한 연어와 함께 다양한 색상의 채소를 섭취하세요.,"""체중 관리를 위해 균형 잡힌 식단을 유지하세요.""",체중 관리를 위해 균형 잡힌 식단을 유지하세요.
1,칼슘이 풍부한 저지방 요거트와 함께 베리류를 추가하여 건강을 챙기세요.,"""기름진 음식은 피하고, 담백한 식사를 하세요.""","기름진 음식은 피하고, 담백한 식사를 하세요."
1,비타민C가 많은 키위와 단백질이 풍부한 닭가슴살을 함께 드셔보세요.,"""인스턴트 음식보다는 신선한 재료로 만든 음식을 선택하세요.""",인스턴트 음식보다는 신선한 재료로 만든 음식을 선택하세요.
1,비타민A가 풍부한 당근과 단백질이 많은 렌틸콩 스프를 섭취하세요.,"""친구나 가족과 시간을 보내며 정서적 지지를 받으세요.""",친구나 가족과 시간을 보내며 정서적 지지를 받으세요.
1,섬유질이 많은 현미와 다양한 채소로 만든 볶음밥을 드세요.,"""비타민 B와 C가 풍부한 음식을 섭취하여 에너지를 보충하세요.""",비타민 B와 C가 풍부한 음식을 섭취하여 에너지를 보충하세요.
1,단백질이 풍부한 콩과 함께 철분이 많은 브로콜리를 드세요. 가공식품과 고칼로리 간식을 피하세요,"""정기적으로 건강 검진을 받으며 몸 상태를 확인하세요.""",정기적으로 건강 검진을 받으며 몸 상태를 확인하세요.
1,비타민E가 많은 아몬드와 오메가-3 지방산이 풍부한 참치를 함께 섭취하세요.,"""여유 시간을 활용하여 독서를 하거나 음악을 들으며 마음을 편안하게 하세요.""",여유 시간을 활용하여 독서를 하거나 음악을 들으며 마음을 편안하게 하세요.
1,칼슘이 풍부한 두부와 비타민K가 많은 케일 샐러드를 드세요.,"""규칙적으로 운동하여 체력과 면역력을 높이세요.""",규칙적으로 운동하여 체력과 면역력을 높이세요.
2,섬유질이 많은 귀리와 단백질이 풍부한 그릭 요거트를 함께 드세요.,"""건강을 위해 힘써주세요. 식사 시 포화지방을 피하고 불포화지방을 선택하세요.""",건강을 위해 힘써주세요. 식사 시 포화지방을 피하고 불포화지방을 선택하세요.
2,비타민D가 많은 +B1연어와 함께 항산화제가 풍부한 블루베리를 섭취하세요.,"""꾸준한 운동은 중요합니다. 유산소 운동을 통해 콜레스테롤 수치를 관리하세요.""",꾸준한 운동은 중요합니다. 유산소 운동을 통해 콜레스테롤 수치를 관리하세요.
2,단백질이 많은 병아리콩과 비타민C가 풍부한 피망을 함께 드세요.,"""섬유질이 풍부한 식단을 유지하세요. 귀리, 콩류, 과일, 야채를 섭취하세요.""","섬유질이 풍부한 식단을 유지하세요. 귀리, 콩류, 과일, 야채를 섭취하세요."
2,고지방 육류 대신에 생선이나 닭가슴살을 선택하세요. ,"""오메가-3 지방산이 풍부한 생선을 자주 드세요. 연어, 고등어, 참치 등이 좋습니다.""","오메가-3 지방산이 풍부한 생선을 자주 드세요. 연어, 고등어, 참치 등이 좋습니다."
2,칼슘이 풍부한 녹색 잎 채소 샐러드를 추천드립니다. 케일과 시금치를 넣은 샐러드를 준비하세요.,"""식사 시 트랜스지방을 피하고, 식물성 기름을 사용하세요.""","식사 시 트랜스지방을 피하고, 식물성 기름을 사용하세요."
2,"흰빵보다는 통밀빵으로 선택하시고, 과일주스 대신 신선한 과일을 드시는 것을 권장드립니다. 통밀빵에는 셀레늄이 풍부하여 갑상선 기능에 도움을 줍니다.","""하루에 충분한 물을 섭취하여 신진대사를 원활하게 유지하세요.""",하루에 충분한 물을 섭취하여 신진대사를 원활하게 유지하세요.
2,"백미 대신 현미밥을 드시고, 소고기 대신 오메가-3가 풍부한 연어를 드시는 것이 좋습니다.","""적절한 체중을 유지하세요. 체중 관리는 이상지질혈증 관리에 중요합니다.""",적절한 체중을 유지하세요. 체중 관리는 이상지질혈증 관리에 중요합니다.
2,"채소가 풍부한 샐러드를 준비하시고, 샐러드 드레싱은 고칼로리 제품보다는 올리브 오일과 발사믹 식초를 사용하는 것을 추천드립니다. 올리브 오일은 건강한 지방을 공급합니다.","""소금 섭취를 줄이고, 허브와 향신료로 맛을 내보세요.""","소금 섭취를 줄이고, 허브와 향신료로 맛을 내보세요."
2,고당도 과일보다는 섬유소가 풍부한 사과나 배를 선택해보세요. 섬유소는 소화를 돕고 혈당 조절에 도움이 됩니다.,"""과일과 채소를 충분히 섭취하여 항산화제를 보충하세요.""",과일과 채소를 충분히 섭취하여 항산화제를 보충하세요.
2,음료는 당분이 높은 탄산음료보다는 무가당 녹차나 허브티를 드시는 것을 권장드립니다. 녹차에는 항산화제가 풍부하여 면역 기능을 지원합니다.,"""가공식품과 패스트푸드 섭취를 줄이세요. 신선한 재료로 만든 음식을 드세요.""",가공식품과 패스트푸드 섭취를 줄이세요. 신선한 재료로 만든 음식을 드세요.
2,"육류 섭취 시에는 기름기가 적은 닭가슴살이나 칠면조를 선택하시고, 조리 시에는 굽기나 찌기를 이용해보세요. 닭가슴살은 양질의 단백질을 제공합니다.","""식사를 정기적으로 하고, 과식을 피하세요.""","식사를 정기적으로 하고, 과식을 피하세요."
2,샐러드에 견과류를 추가하셔서 건강한 지방을 하세요. 견과류에는 셀레늄과 마그네슘이 풍부합니다.,"""고혈압과 이상지질혈증을 함께 관리하기 위해 식단과 운동을 병행하세요.""",고혈압과 이상지질혈증을 함께 관리하기 위해 식단과 운동을 병행하세요.
2,"시리얼 대신 오트밀을 드시고, 우유는 저지방 또는 무지방 우유로 대체해보세요. 오트밀은 식이섬유와 철분을 제공합니다.","""알코올 섭취를 제한하세요. 음주는 콜레스테롤 수치에 영향을 줄 수 있습니다.""",알코올 섭취를 제한하세요. 음주는 콜레스테롤 수치에 영향을 줄 수 있습니다.
2,생선 섭취를 늘리기 위해 주 2회 정도 등푸른 생선인 고등어나 정어리를 드시는 것을 권장드립니다. ,"""스트레스는 콜레스테롤 수치에 영향을 줄 수 있습니다. 스트레스 관리를 위해 명상을 해보세요.""",스트레스는 콜레스테롤 수치에 영향을 줄 수 있습니다. 스트레스 관리를 위해 명상을 해보세요.
2,견과류 섭취 시에는 소금이 가미되지 않은 생아몬드나 호두를 선택하시면 좋습니다. 견과류는 건강한 지방과 비타민 E를 제공합니다.,"""정기적으로 건강 검진을 받아 현재 상태를 확인하세요.""",정기적으로 건강 검진을 받아 현재 상태를 확인하세요.
2,채소 섭취를 늘리기 위해 매 끼니마다 다양한 색상의 채소를 골고루 드시는 것을 추천드립니다. 다양한 색상의 채소에는 비타민과 미네랄이 풍부합니다.,"""견과류를 간식으로 드세요. 아몬드, 호두 등이 좋습니다.""","견과류를 간식으로 드세요. 아몬드, 호두 등이 좋습니다."
2,육류 대신 단백질을 보충할 수 있도록 두부나 콩류를 자주 드셔보세요. 두부와 콩류는 식물성 단백질과 철분을 제공합니다.,"""카페인 섭취를 줄이고, 따뜻한 허브차를 마시는 것을 권장드립니다.""","카페인 섭취를 줄이고, 따뜻한 허브차를 마시는 것을 권장드립니다."
2,양념 없이 구운 닭가슴살과 아보카도를 얹은 통곡물 토스트를 추천드립니다.,"""적절한 운동을 통해 체력을 유지하고, 지나친 운동은 피하세요.""","적절한 운동을 통해 체력을 유지하고, 지나친 운동은 피하세요."
2,"조미료 사용을 줄이고, 신선한 허브나 향신료를 활용해 요리해보세요. 허브와 향신료는 항산화 효과가 있습니다.","""건강한 지방을 섭취하세요. 아보카도, 올리브오일 등이 좋습니다.""","건강한 지방을 섭취하세요. 아보카도, 올리브오일 등이 좋습니다."
2,신선한 과일과 함께 그릭 요거트를 곁들여 드시면 단백질과 칼슘을 함께 섭취할 수 있습니다.,"""단 음식을 피하고, 저당 식품을 선택하세요.""","단 음식을 피하고, 저당 식품을 선택하세요."
2,정제된 곡물보다는 통곡물을 선택하여 영양소와 섬유질 섭취를 늘리세요. 통곡물에는 비타민 B군과 식이섬유가 풍부합니다.,"""규칙적인 운동으로 HDL 콜레스테롤을 높이세요.""",규칙적인 운동으로 HDL 콜레스테롤을 높이세요.
2,물 섭취를 늘리기 위해 매 식사 전후로 한 잔의 물을 마시는 습관을 들이세요. 충분한 수분 섭취는 갑상선 기능을 지원합니다.,"""고지방 육류 대신에 닭 가슴살이나 생선을 선택하세요.""",고지방 육류 대신에 닭 가슴살이나 생선을 선택하세요.
2,잡곡밥과 함께 다양한 채소로 만든 비빔밥을 드셔보세요. 잡곡밥은 철분과 식이섬유를 제공합니다.,"""정기적으로 혈압과 콜레스테롤 수치를 체크하세요.""",정기적으로 혈압과 콜레스테롤 수치를 체크하세요.
2,샌드위치를 준비할 때는 마요네즈 대신 아보카도 스프레드를 사용해보세요. 아보카도에는 건강한 지방과 칼륨이 풍부합니다.,"""지방이 적은 유제품을 선택하세요. 저지방 우유나 요거트를 드세요.""",지방이 적은 유제품을 선택하세요. 저지방 우유나 요거트를 드세요.
2,샐러드를 드실 때는 닭가슴살이나 퀴노아를 추가하여 단백질 섭취를 높이세요. 퀴노아는 완전 단백질과 식이섬유를 제공합니다.,"""칼슘과 비타민 D가 풍부한 음식을 섭취하여 뼈 건강을 지키세요.""",칼슘과 비타민 D가 풍부한 음식을 섭취하여 뼈 건강을 지키세요.
2,신선한 베리를 넣은 스무디를 만들어 드시면 비타민과 항산화제를 함께 섭취할 수 있습니다. 베리는 항산화제가 풍부합니다.,"""정기적으로 걷기, 자전거 타기 등 유산소 운동을 하세요.""","정기적으로 걷기, 자전거 타기 등 유산소 운동을 하세요."
2,"칼슘 보충을 위해 저지방 치즈와 사과, 바나나를 추천드립니다.","""적절한 수면을 취하고, 수면의 질을 높이세요.""","적절한 수면을 취하고, 수면의 질을 높이세요."
2,식사 후 디저트로는 케이크 대신 과일 샐러드를 준비해보세요. 과일 샐러드는 비타민과 항산화제가 풍부합니다.,"""심장 건강을 위해 하루에 한 번씩 견과류를 드세요.""",심장 건강을 위해 하루에 한 번씩 견과류를 드세요.
2,매 끼니마다 섬유질 섭취를 위해 채소와 과일을 충분히 포함시키세요. 섬유질은 소화를 돕고 포만감을 유지해줍니다.,"""콜레스테롤 수치를 낮추기 위해 콩류를 자주 섭취하세요.""",콜레스테롤 수치를 낮추기 위해 콩류를 자주 섭취하세요.
2,현미밥과 두부 스테이크를 추천드립니다. 칼슘과 단백질이 풍부한 두부 요리를 자주 드세요.,"""스트레칭과 가벼운 요가를 통해 몸의 긴장을 풀어주세요.""",스트레칭과 가벼운 요가를 통해 몸의 긴장을 풀어주세요.
3,피로를 풀기 위해 커피 대신 카페인이 적은 허브차를 드시는 것을 추천드립니다. 허브차는 진정 효과가 있습니다.,"""오늘도 수고 많으셨습니다. 지방간 관리를 위해 정기적으로 유산소 운동을 해보세요.""",오늘도 수고 많으셨습니다. 지방간 관리를 위해 정기적으로 유산소 운동을 해보세요.
3,샐러드에 레몬즙을 추가하여 상큼함과 비타민C를 더해보세요. 비타민 C는 면역 기능을 지원합니다.,"""포화지방 섭취를 줄이고, 식물성 기름을 사용하여 요리해보세요.""","포화지방 섭취를 줄이고, 식물성 기름을 사용하여 요리해보세요."
3,"식사 시에는 정제된 설탕 사용을 줄이고, 꿀이나 메이플 시럽을 대체해보세요. 꿀과 메이플 시럽은 자연적인 단맛을 제공합니다.","""건강한 체중을 유지하는 것이 중요합니다. 체중 감량을 위해 식단을 조절하세요.""",건강한 체중을 유지하는 것이 중요합니다. 체중 감량을 위해 식단을 조절하세요.
3,"흰빵 대신 통밀빵을 선택하시고, 과일주스 대신 신선한 과일을 드시는 것을 권장드립니다. 통밀빵에는 섬유질이 풍부해 콜레스테롤 수치를 낮추는 데 도움이 됩니다.","""단 음식을 피하고, 저당 식품을 선택하여 혈당 수치를 관리하세요.""","단 음식을 피하고, 저당 식품을 선택하여 혈당 수치를 관리하세요."
3,"백미 대신 현미밥을 드시고, 고기 대신 오메가-3가 풍부한 연어를 드시는 것이 좋습니다. 오메가-3는 트리글리세리드 수치를 낮춥니다.","""알코올 섭취를 줄이고, 신선한 과일 주스를 마시는 것을 권장드립니다.""","알코올 섭취를 줄이고, 신선한 과일 주스를 마시는 것을 권장드립니다."
3,"채소가 풍부한 샐러드를 준비하시고, 샐러드 드레싱은 저지방 요구르트와 레몬즙을 사용하는 것을 추천드립니다. 레몬즙은 항산화 효과가 있습니다.","""섬유질이 풍부한 식사를 하세요. 채소와 과일을 충분히 드세요.""",섬유질이 풍부한 식사를 하세요. 채소와 과일을 충분히 드세요.
3,고당도 과일보다는 섬유질이 풍부한 사과나 배를 선택해보세요. 섬유질은 콜레스테롤 수치를 낮추는 데 도움이 됩니다.,"""가공식품과 패스트푸드 섭취를 줄이고, 신선한 재료로 만든 음식을 드세요.""","가공식품과 패스트푸드 섭취를 줄이고, 신선한 재료로 만든 음식을 드세요."
3,계란 요리를 할 때는 튀기기보다는 삶거나 찐 계란을 드시는 것이 좋습니다. 계란에는 양질의 단백질이 포함되어 있습니다.,"""지방간 관리를 위해 하루에 충분한 물을 마시세요.""",지방간 관리를 위해 하루에 충분한 물을 마시세요.
3,음료는 당분이 높은 탄산음료보다는 무가당 녹차나 허브티를 드시는 것을 권장드립니다. 녹차는 항산화제가 풍부해 심혈관 건강에 도움이 됩니다.,"""적절한 수면을 취하여 몸의 피로를 회복하세요.""",적절한 수면을 취하여 몸의 피로를 회복하세요.
3,"육류 섭취 시에는 기름기가 적은 닭가슴살이나 칠면조를 선택하시고, 조리 시에는 굽기나 찌기를 이용해보세요. 닭가슴살은 단백질이 풍부합니다.","""정기적으로 건강 검진을 받아 간 상태를 체크하세요.""",정기적으로 건강 검진을 받아 간 상태를 체크하세요.
3,통밀빵에 저지방 참치와 채소를 넣어 샌드위치를 만들어 드세요. 참치 샌드위치는 만들기도 쉽고 건강에 아주 좋습니다.,"""적당한 운동을 통해 간의 지방 축적을 줄이세요.""",적당한 운동을 통해 간의 지방 축적을 줄이세요.
3,"시리얼 대신 오트밀을 드시고, 우유는 저지방 또는 무지방 우유로 대체해보세요. 오트밀은 콜레스테롤을 낮추는 데 도움을 줍니다.","""스트레스를 줄이기 위해 명상이나 요가를 해보세요.""",스트레스를 줄이기 위해 명상이나 요가를 해보세요.
3,고당도 과일보다는 섬유질이 풍부한 사과나 배를 선택해보세요. 섬유질은 콜레스테롤 수치를 낮추는 데 도움이 됩니다.,"""알코올을 피하고, 물과 허브차를 자주 마시세요.""","알코올을 피하고, 물과 허브차를 자주 마시세요."
3,생선 섭취를 늘리기 위해 주 2회 정도 등푸른 생선인 고등어나 정어리를 드시는 것을 권장드립니다. 등푸른 생선에는 오메가-3가 풍부합니다.,"""단백질이 풍부한 식사를 하여 간 기능을 돕세요.""",단백질이 풍부한 식사를 하여 간 기능을 돕세요.
3,견과류 섭취 시에는 소금이 가미되지 않은 생아몬드나 호두를 선택하시면 좋습니다. 견과류는 건강한 지방과 비타민 E를 제공합니다.,"""규칙적인 식사 습관을 유지하고, 과식을 피하세요.""","규칙적인 식사 습관을 유지하고, 과식을 피하세요."
3,채소 섭취를 늘리기 위해 매 끼니마다 다양한 색상의 채소를 골고루 드시는 것을 추천드립니다. 다양한 색상의 채소에는 비타민과 미네랄이 풍부합니다.,"""체중 감량을 위해 식사량을 적절히 조절하세요.""",체중 감량을 위해 식사량을 적절히 조절하세요.
3,육류 대신 단백질을 보충할 수 있도록 두부나 콩류를 자주 드셔보세요. 두부와 콩류는 식물성 단백질과 철분을 제공합니다.,"""지방간 관리를 위해 정기적으로 걷기 운동을 해보세요.""",지방간 관리를 위해 정기적으로 걷기 운동을 해보세요.
3,고구마나 당근 스틱처럼 건강한 채소를 이용한 요리를 준비해보세요. 고구마와 당근에는 베타카로틴과 비타민 A가 풍부합니다.,"""건강한 지방을 섭취하세요. 아보카도와 올리브오일이 좋습니다.""",건강한 지방을 섭취하세요. 아보카도와 올리브오일이 좋습니다.
3,"조미료 사용을 줄이고, 신선한 허브나 향신료를 활용해 요리해보세요. 허브와 향신료는 항산화 효과가 있습니다.","""과일과 채소를 충분히 섭취하여 비타민을 보충하세요.""",과일과 채소를 충분히 섭취하여 비타민을 보충하세요.
3,"블루베리, 그릭 요거트, 아몬드 밀크를 섞어 블루베리 스무디를 만들어보세요.","""고지방 육류 대신에 닭 가슴살이나 생선을 선택하세요.""",고지방 육류 대신에 닭 가슴살이나 생선을 선택하세요.
3,정제된 곡물보다는 통곡물을 선택하여 영양소와 섬유질 섭취를 늘리세요. 통곡물에는 비타민 B군과 식이섬유가 풍부합니다.,"""정기적으로 간 상태를 체크하고, 의사의 지시에 따라 치료하세요.""","정기적으로 간 상태를 체크하고, 의사의 지시에 따라 치료하세요."
3,잡곡밥과 함께 브로콜리와 토마토를 곁들인 가벼운 훈제 오리고기를 섭취하세요.,"""스트레스를 줄이기 위해 취미 활동을 즐기세요.""",스트레스를 줄이기 위해 취미 활동을 즐기세요.
3,잡곡밥과 함께 다양한 채소로 만든 비빔밥을 드셔보세요. 잡곡밥은 철분과 식이섬유를 제공합니다.,"""카페인 섭취를 줄이고, 따뜻한 허브차를 마시는 것을 권장드립니다.""","카페인 섭취를 줄이고, 따뜻한 허브차를 마시는 것을 권장드립니다."
3,샌드위치를 준비할 때는 마요네즈 대신 아보카도 스프레드를 사용해보세요. 아보카도에는 건강한 지방과 칼륨이 풍부합니다.,"""단 음식을 피하고, 건강한 간식을 선택하세요.""","단 음식을 피하고, 건강한 간식을 선택하세요."
3,샐러드를 드실 때는 닭가슴살이나 퀴노아를 추가하여 단백질 섭취를 높이세요. 퀴노아는 완전 단백질과 식이섬유를 제공합니다.,"""규칙적인 운동으로 체중을 관리하고, 간 건강을 지키세요.""","규칙적인 운동으로 체중을 관리하고, 간 건강을 지키세요."
3,신선한 베리를 넣은 스무디를 만들어 드시면 비타민과 항산화제를 함께 섭취할 수 있습니다. 베리는 항산화제가 풍부합니다.,"""포화지방을 피하고, 불포화지방을 선택하여 요리하세요.""","포화지방을 피하고, 불포화지방을 선택하여 요리하세요."
3,"통곡물 파스타와 미네랄과 식이 섬유가 풍부한 아티초크를 드시고, 페퍼민트 차를 함께 드세요.","""적절한 수면을 취하여 신체 리듬을 유지하세요.""",적절한 수면을 취하여 신체 리듬을 유지하세요.
3,식사 후 디저트로는 케이크 대신 과일 샐러드를 준비해보세요. 과일 샐러드는 비타민과 항산화제가 풍부합니다.,"""섬유질이 풍부한 식단을 유지하여 소화 기능을 돕세요.""",섬유질이 풍부한 식단을 유지하여 소화 기능을 돕세요.
4,매 끼니마다 섬유질 섭취를 위해 채소와 과일을 충분히 포함시키세요. 섬유질은 소화를 돕고 포만감을 유지해줍니다.,"""오늘 하루도 수고 많으셨습니다. 체중 관리를 위해 하루 30분 이상 걷기 운동을 해보세요.""",오늘 하루도 수고 많으셨습니다. 체중 관리를 위해 하루 30분 이상 걷기 운동을 해보세요.
4,당도가 높은 과자보다는 생과일을 선택하세요. 생과일에는 비타민과 미네랄이 풍부합니다.,"""균형 잡힌 식단을 유지하고, 과식을 피하세요. 작은 접시를 사용하면 도움이 됩니다.""","균형 잡힌 식단을 유지하고, 과식을 피하세요. 작은 접시를 사용하면 도움이 됩니다."
4,피로를 풀기 위해 커피 대신 카페인이 적은 허브차를 드시는 것을 추천드립니다. 허브차는 진정 효과가 있습니다.,"""식사 전에 물을 한 컵 마시면 포만감을 느끼는데 도움이 됩니다.""",식사 전에 물을 한 컵 마시면 포만감을 느끼는데 도움이 됩니다.
4,샐러드에 레몬즙을 추가하여 상큼함과 비타민C를 더해보세요. 비타민 C는 면역 기능을 지원합니다.,"""건강한 간식을 선택하세요. 과일이나 요거트가 좋은 선택입니다.""",건강한 간식을 선택하세요. 과일이나 요거트가 좋은 선택입니다.
4,그린 스무디를 만들어 신선한 시금치와 케일을 추가해 보세요. 시금치와 케일은 비타민 K와 항산화제가 풍부합니다.,"""규칙적인 운동을 통해 체중을 감량하고 건강을 유지하세요.""",규칙적인 운동을 통해 체중을 감량하고 건강을 유지하세요.
4,"잡곡밥과 함께 철분이 풍부한 시금치와 삶은 계란을 함께 섭취하시고, 생강차를 마시는 것을 추천드립니다.","""가공식품과 패스트푸드 섭취를 줄이고, 신선한 재료로 요리하세요.""","가공식품과 패스트푸드 섭취를 줄이고, 신선한 재료로 요리하세요."
4,미역국이나 국수보다는 단백질이 풍부한 두부와 함께 샐러드를 드시는 것이 좋습니다.,"""하루에 충분한 물을 마셔서 몸의 수분을 유지하세요.""",하루에 충분한 물을 마셔서 몸의 수분을 유지하세요.
4,비타민 B가 풍부한 닭가슴살 샐러드를 먹어서 체지방을 관리하세요.,"""포화지방과 설탕 섭취를 줄이고, 식이섬유가 풍부한 음식을 드세요.""","포화지방과 설탕 섭취를 줄이고, 식이섬유가 풍부한 음식을 드세요."
4,고단백 저지방의 국수보다는 차가운 국수를 드시는 것이 지방간에 좋습니다.,"""적절한 수면을 취해 피로를 회복하고, 체중 관리에 도움이 되도록 하세요.""","적절한 수면을 취해 피로를 회복하고, 체중 관리에 도움이 되도록 하세요."
4,샐러드와 함께 단백질이 풍부한 계란을 섭취하여 체지방을 낮추세요.,"""하루 세 끼 규칙적으로 식사하고, 식사 시간을 지키세요.""","하루 세 끼 규칙적으로 식사하고, 식사 시간을 지키세요."
4,"파질 페스토 파스타는 어떠신가요? 통곡물 파스타에 바질, 마늘, 잣, 올리브 오일로 만든 페스토 소스를 곁들여 드세요.","""음식을 천천히 씹어 먹으면 포만감을 더 빨리 느낄 수 있습니다.""",음식을 천천히 씹어 먹으면 포만감을 더 빨리 느낄 수 있습니다.
4,"병아리콩 스튜를 추천드립니다. 병아리콩은 단백질과 섬유질을, 당근과 토마토는 비타민 A와 C를 공급하여 면역력 강화에 도움을 줍니다.","""스트레스를 줄이기 위해 명상이나 요가를 해보세요.""",스트레스를 줄이기 위해 명상이나 요가를 해보세요.
4,참치는 단백질과 오메가-3 지방산이 풍부하여 심혈관 건강에 좋습니다. 레몬즙은 비타민 C를 제공합니다.,"""건강한 체중을 유지하기 위해 꾸준한 운동을 실천하세요.""",건강한 체중을 유지하기 위해 꾸준한 운동을 실천하세요.
4,두부와 시금치가 들어간 된장찌개를 먹어서 체지방을 관리하세요.,"""단 음식을 피하고, 저당 식품을 선택하여 혈당 수치를 관리하세요.""","단 음식을 피하고, 저당 식품을 선택하여 혈당 수치를 관리하세요."
4,영양가가 높은 잡곡밥과 함께 채소와 고구마를 함께 섭취하여 영양을 공급하세요.,"""식사 후에는 바로 앉아있기보다는 가벼운 산책을 해보세요.""",식사 후에는 바로 앉아있기보다는 가벼운 산책을 해보세요.
4,단백질이 풍부한 우유와 함께 오트밀을 먹어서 체력을 회복하세요.,"""건강한 식단을 유지하고, 적당한 운동을 통해 체중을 관리하세요.""","건강한 식단을 유지하고, 적당한 운동을 통해 체중을 관리하세요."
4,아보카도와 토마토를 골고루 넣은 샐러드를 먹어서 체지방을 조절하세요.,"""알코올 섭취를 줄이고, 물이나 허브차를 마시는 것을 권장드립니다.""","알코올 섭취를 줄이고, 물이나 허브차를 마시는 것을 권장드립니다."
4,고기 대신 닭가슴살을 이용한 샐러드를 드시는 것이 좋습니다.,"""규칙적인 운동 습관을 길러 체중 감량을 도모하세요.""",규칙적인 운동 습관을 길러 체중 감량을 도모하세요.
4,단백질이 풍부한 생선과 함께 야채를 골고루 넣은 찜요리를 먹어서 체지방을 낮추세요.,"""체중 관리를 위해 섬유질이 풍부한 식사를 하세요.""",체중 관리를 위해 섬유질이 풍부한 식사를 하세요.
4,오트밀은 섬유질과 베타글루칸이 풍부하여 콜레스테롤 수치를 낮추는 데 도움을 줍니다. 견과류는 건강한 지방과 단백질을 제공합니다.,"""가공식품을 피하고, 신선한 재료로 만든 음식을 드세요.""","가공식품을 피하고, 신선한 재료로 만든 음식을 드세요."
4,고구마를 포함한 다양한 채소를 함께 섭취하여 영양을 공급하세요.,"""적절한 수면을 취하여 신체 리듬을 유지하세요.""",적절한 수면을 취하여 신체 리듬을 유지하세요.
4,구운 고구마를 함께 샐러드와 섭취하여 체지방을 조절하세요.,"""체중 관리를 위해 소량씩 자주 식사하는 것도 좋은 방법입니다.""",체중 관리를 위해 소량씩 자주 식사하는 것도 좋은 방법입니다.
4,토마토와 두부를 골고루 넣은 샐러드를 먹어서 혈압을 관리하세요.,"""건강한 지방을 섭취하세요. 아보카도와 올리브오일이 좋습니다.""",건강한 지방을 섭취하세요. 아보카도와 올리브오일이 좋습니다.
4,연어와 함께 매운 양념장으로 볶은 채소를 먹어서 체지방을 낮추세요.,"""적당한 운동을 통해 체지방을 줄이고 근육량을 늘리세요.""",적당한 운동을 통해 체지방을 줄이고 근육량을 늘리세요.
4,고단백 저지방의 계란 흰자와 떡국을 드시는 것이 좋습니다.,"""규칙적인 식사 습관을 유지하고, 과식을 피하세요.""","규칙적인 식사 습관을 유지하고, 과식을 피하세요."
4,비타민 B가 풍부한 두부와 함께 미역국을 드시는 것이 좋습니다.,"""단백질이 풍부한 식사를 하여 포만감을 느끼도록 하세요.""",단백질이 풍부한 식사를 하여 포만감을 느끼도록 하세요.
4,비타민 B가 풍부한 삼겹살 샐러드를 먹어서 체지방을 관리하세요.,"""체중 관리를 위해 하루에 30분 이상 운동을 해보세요.""",체중 관리를 위해 하루에 30분 이상 운동을 해보세요.
4,고단백 저지방의 우유를 섭취하여 체지방을 조절하세요.,"""식사 후에는 가벼운 운동을 하여 소화를 돕고, 체중 감량을 도모하세요.""","식사 후에는 가벼운 운동을 하여 소화를 돕고, 체중 감량을 도모하세요."
4,생선과 함께 두부가 들어간 찌개를 먹어서 체지방을 낮추세요.,"""건강한 식단을 유지하고, 적당한 운동을 통해 비만을 관리하세요.""","건강한 식단을 유지하고, 적당한 운동을 통해 비만을 관리하세요."
4,"삶은 달걀과 시금치를 함께 드세요. 달걀은 단백질과 비타민 B12를 제공하며, 시금치는 철분과 엽산이 풍부하여 빈혈 예방에 좋습니다.","""포화지방과 설탕 섭취를 줄이고, 식이섬유가 풍부한 음식을 선택하세요.""","포화지방과 설탕 섭취를 줄이고, 식이섬유가 풍부한 음식을 선택하세요."
5,고구마와 함께 버섯전골을 먹어서 체력을 유지하세요.,"""오늘 하루도 수고 많으셨습니다. 체력이 부족하겠지만, 규칙적인 유산소 운동이 대사 속도를 높여 갑상선 기능을 돕습니다.""","오늘 하루도 수고 많으셨습니다. 체력이 부족하겠지만, 규칙적인 유산소 운동이 대사 속도를 높여 갑상선 기능을 돕습니다."
5,닭가슴살과 야채를 골고루 넣은 볶음밥을 먹어서 에너지를 공급하세요.,"""규칙적인 식사와 충분한 수면은 갑상선 기능을 유지하는 데 도움이 됩니다.""",규칙적인 식사와 충분한 수면은 갑상선 기능을 유지하는 데 도움이 됩니다.
5,두부와 토마토를 골고루 넣은 샐러드를 먹어서 체지방을 관리하세요.,"""갑상선 저하증 환자에게는 영양가 높고 건강한 식사가 중요합니다. 과일과 채소를 많이 섭취하세요.""",갑상선 저하증 환자에게는 영양가 높고 건강한 식사가 중요합니다. 과일과 채소를 많이 섭취하세요.
5,"흰빵 대신 통밀빵을 선택하시고, 과일주스 대신 신선한 과일을 드시는 것을 권장드립니다. 통밀빵은 섬유질이 풍부하여 포만감을 오래 유지해줍니다.","""하루 30분 이상의 산책은 갑상선 기능을 증진시키고, 에너지를 회복하는 데 도움이 됩니다.""","하루 30분 이상의 산책은 갑상선 기능을 증진시키고, 에너지를 회복하는 데 도움이 됩니다."
5,"백미 대신 현미밥을 드시고, 고기 대신 단백질이 풍부한 닭가슴살을 드시는 것이 좋습니다. 닭가슴살은 저지방 단백질을 제공합니다.","""스트레스 관리를 위해 명상이나 균형 잡힌 생활습관을 유지하세요.""",스트레스 관리를 위해 명상이나 균형 잡힌 생활습관을 유지하세요.
5,"채소가 풍부한 샐러드를 준비하시고, 드레싱은 올리브 오일과 발사믹 식초를 사용하는 것을 추천드립니다. 올리브 오일은 건강한 지방을 제공합니다.","""갑상선 저하증을 관리하기 위해 적절한 수분 섭취가 중요합니다. 하루에 충분한 물을 마시세요.""",갑상선 저하증을 관리하기 위해 적절한 수분 섭취가 중요합니다. 하루에 충분한 물을 마시세요.
5,고당도 과일보다는 섬유질이 풍부한 사과나 배를 선택해보세요. 섬유질은 포만감을 유지해줍니다.,"""규칙적인 식사와 함께 간식으로는 과일이나 견과류를 선택하세요.""",규칙적인 식사와 함께 간식으로는 과일이나 견과류를 선택하세요.
5,계란 요리를 할 때는 튀기기보다는 삶거나 찐 계란을 드시는 것이 좋습니다. 계란은 단백질이 풍부합니다.,"""운동은 갑상선 기능을 개선하는 데 큰 도움이 됩니다. 꾸준히 실천해보세요.""",운동은 갑상선 기능을 개선하는 데 큰 도움이 됩니다. 꾸준히 실천해보세요.
5,당분이 높은 탄산음료보다는 무가당 녹차나 허브티를 드시는 것을 권장드립니다. 녹차는 항산화제가 풍부해 대사 기능을 돕습니다.,"""갑상선 저하증 환자는 과식을 피하고 규칙적인 식사 시간을 지키는 것이 중요합니다.""",갑상선 저하증 환자는 과식을 피하고 규칙적인 식사 시간을 지키는 것이 중요합니다.
5,"육류 섭취 시에는 기름기가 적은 닭가슴살이나 칠면조를 선택하시고, 조리 시에는 굽기나 찌기를 이용해보세요. 닭가슴살은 저지방 단백질을 제공합니다.","""건강한 식사와 함께 규칙적인 운동을 통해 체력을 강화하세요.""",건강한 식사와 함께 규칙적인 운동을 통해 체력을 강화하세요.
5,샐러드에 견과류를 추가하셔서 건강한 지방을 섭취하세요. 견과류는 불포화 지방산이 풍부합니다.,"""자주 식사하는 것이 갑상선 기능을 유지하는 데 도움이 됩니다.""",자주 식사하는 것이 갑상선 기능을 유지하는 데 도움이 됩니다.
5,"시리얼 대신 오트밀을 드시고, 우유는 저지방 또는 무지방 우유로 대체해보세요. 오트밀은 섬유질과 단백질이 풍부합니다.","""스트레스를 줄이기 위해 산책이나 요가와 같은 경미한 운동을 추천합니다.""",스트레스를 줄이기 위해 산책이나 요가와 같은 경미한 운동을 추천합니다.
5,고당도 과일보다는 섬유질이 풍부한 사과나 배를 선택해보세요. 섬유질은 포만감을 유지해줍니다.,"""갑상선 저하증 환자는 단 음식을 피하고 과일과 채소를 다양하게 섭취하세요.""",갑상선 저하증 환자는 단 음식을 피하고 과일과 채소를 다양하게 섭취하세요.
5,생선 섭취를 늘리기 위해 주 2회 정도 등푸른 생선인 고등어나 정어리를 드시는 것을 권장드립니다. 등푸른 생선은 오메가-3가 풍부해 대사 기능을 돕습니다.,"""하루 규칙적인 식사와 적절한 운동을 통해 체중을 관리하세요.""",하루 규칙적인 식사와 적절한 운동을 통해 체중을 관리하세요.
5,견과류 섭취 시에는 소금이 가미되지 않은 생아몬드나 호두를 선택하시면 좋습니다. 견과류는 건강한 지방과 단백질을 제공합니다.,"""갑상선 기능을 개선하기 위해 충분한 수면을 취하세요.""",갑상선 기능을 개선하기 위해 충분한 수면을 취하세요.
5,채소 섭취를 늘리기 위해 매 끼니마다 다양한 색상의 채소를 골고루 드시는 것을 추천드립니다. 다양한 색상의 채소에는 비타민과 미네랄이 풍부합니다.,"""건강한 식습관을 유지하고, 스트레스를 관리하는 것이 중요합니다.""","건강한 식습관을 유지하고, 스트레스를 관리하는 것이 중요합니다."
5,육류 대신 단백질을 보충할 수 있도록 두부나 콩류를 자주 드셔보세요. 두부와 콩류는 식물성 단백질과 섬유질을 제공합니다.,"""갑상선 저하증 환자에게는 비타민과 미네랄이 풍부한 식품을 섭취하는 것이 좋습니다.""",갑상선 저하증 환자에게는 비타민과 미네랄이 풍부한 식품을 섭취하는 것이 좋습니다.
5,고구마나 당근 스틱처럼 건강한 채소를 준비해보세요. 고구마와 당근에는 베타카로틴과 비타민 A가 풍부합니다.,"""규칙적인 운동 습관을 길러 체력을 키우고 갑상선 기능을 유지하세요.""",규칙적인 운동 습관을 길러 체력을 키우고 갑상선 기능을 유지하세요.
5,"조미료 사용을 줄이고, 신선한 허브나 향신료를 활용해 요리해보세요. 허브와 향신료는 항산화 효과가 있습니다.","""체중을 관리하고 싶다면 고단백, 저탄수화물 식단을 고려하세요.""","체중을 관리하고 싶다면 고단백, 저탄수화물 식단을 고려하세요."
5,신선한 과일과 함께 그릭 요거트를 곁들여 드시면 단백질과 칼슘을 함께 섭취할 수 있습니다.,"""갑상선 저하증 환자에게는 정기적인 식사와 충분한 수면이 필수적입니다.""",갑상선 저하증 환자에게는 정기적인 식사와 충분한 수면이 필수적입니다.
5,정제된 곡물보다는 통곡물을 선택하여 영양소와 섬유질 섭취를 늘리세요. 통곡물에는 비타민 B군과 식이섬유가 풍부합니다.,"""하루 세 끼 식사를 규칙적으로 하고, 간식은 건강한 선택을 하세요.""","하루 세 끼 식사를 규칙적으로 하고, 간식은 건강한 선택을 하세요."
5,물 섭취를 늘리기 위해 매 식사 전후로 한 잔의 물을 마시는 습관을 들이세요. 충분한 수분 섭취는 대사 기능을 돕습니다.,"""갑상선 기능을 지속적으로 강화하기 위해 규칙적인 신체활동을 추천합니다.""",갑상선 기능을 지속적으로 강화하기 위해 규칙적인 신체활동을 추천합니다.
5,잡곡밥과 함께 다양한 채소로 만든 비빔밥을 드셔보세요. 잡곡밥은 철분과 식이섬유를 제공합니다.,"""스트레스와 불안을 관리하기 위해 규칙적인 운동을 실천하세요.""",스트레스와 불안을 관리하기 위해 규칙적인 운동을 실천하세요.
5,샌드위치를 준비할 때는 마요네즈 대신 아보카도 스프레드를 사용해보세요. 아보카도에는 건강한 지방과 섬유질이 풍부합니다.,"""갑상선 저하증 환자에게는 과다한 카페인과 알코올을 피하도록 하세요.""",갑상선 저하증 환자에게는 과다한 카페인과 알코올을 피하도록 하세요.
5,샐러드를 드실 때는 닭가슴살이나 퀴노아를 추가하여 단백질 섭취를 높이세요. 퀴노아는 완전 단백질과 식이섬유를 제공합니다.,"""규칙적인 식사와 함께 적절한 운동을 통해 체중을 관리하세요.""",규칙적인 식사와 함께 적절한 운동을 통해 체중을 관리하세요.
5,신선한 베리를 넣은 스무디를 만들어 드시면 비타민과 항산화제를 함께 섭취할 수 있습니다. 베리는 항산화제가 풍부합니다.,"""갑상선 저하증 환자는 식사 전과 후에 물을 충분히 섭취하세요.""",갑상선 저하증 환자는 식사 전과 후에 물을 충분히 섭취하세요.
5,저지방 요구르트에 신선한 과일과 견과류를 추가하여 드시면 좋습니다. 요구르트는 프로바이오틱스와 칼슘을 제공합니다.,"""건강한 식습관을 유지하고, 신체 활동을 통해 건강을 지키세요.""","건강한 식습관을 유지하고, 신체 활동을 통해 건강을 지키세요."
5,식사 후 디저트로는 케이크 대신 과일 샐러드를 준비해보세요. 과일 샐러드는 비타민과 항산화제가 풍부합니다.,"""체중을 감량하고 싶다면 운동과 식이조절을 규칙적으로 실천하세요.""",체중을 감량하고 싶다면 운동과 식이조절을 규칙적으로 실천하세요.
5,매 끼니마다 섬유질 섭취를 위해 채소와 과일을 충분히 포함시키세요. 섬유질은 소화를 돕고 포만감을 유지해줍니다.,"""갑상선 기능을 유지하기 위해 정기적인 검진을 받으세요.""",갑상선 기능을 유지하기 위해 정기적인 검진을 받으세요.
5,당도가 높은 과자보다는 생과일을 선택하세요. 생과일에는 비타민과 미네랄이 풍부합니다.,"""하루 규칙적인 식사와 함께 적절한 수면을 취해 체력을 회복하세요.""",하루 규칙적인 식사와 함께 적절한 수면을 취해 체력을 회복하세요.
6,피로를 풀기 위해 커피 대신 카페인이 적은 허브차를 드시는 것을 추천드립니다. 허브차는 진정 효과가 있습니다.,오늘 하루도 수고하셨습니다. 규칙적인 식사와 적절한 운동으로 혈압을 안정시키세요.,오늘 하루도 수고하셨습니다. 규칙적인 식사와 적절한 운동으로 혈압을 안정시키세요.
6,샐러드에 레몬즙을 추가하여 상큼함과 비타민C를 더해보세요. 비타민 C는 면역 기능을 지원합니다.,건강한 식습관과 함께 식염섭취를 줄이는 것이 중요합니다.,건강한 식습관과 함께 식염섭취를 줄이는 것이 중요합니다.
6,"식사 시에는 정제된 설탕 사용을 줄이고, 꿀이나 메이플 시럽을 대체해보세요. 꿀과 메이플 시럽은 자연적인 단맛을 제공합니다.",고혈압 관리를 위해 적정량의 수면을 취하는 것이 도움이 됩니다.,고혈압 관리를 위해 적정량의 수면을 취하는 것이 도움이 됩니다.
6,"단백질이 풍부한 두부와 피망을 볶아서 드시고, 페퍼민트 차를 마시는 것을 추천드립니다.",매일 규칙적으로 걷는 것만으로도 혈압을 관리하는 데 도움이 됩니다.,매일 규칙적으로 걷는 것만으로도 혈압을 관리하는 데 도움이 됩니다.
6,"식이섬유가 풍부한 채소류를 충분히 섭취하시고, 소금 섭취를 적게 하시는 것이 좋습니다.",고혈압 환자에게는 과일과 채소를 다양하게 섭취하는 것이 중요합니다.,고혈압 환자에게는 과일과 채소를 다양하게 섭취하는 것이 중요합니다.
6,과일보다는 식이섬유가 풍부한 채소나 견과류를 선택하시는 것이 좋습니다.,"소금을 줄이고, 식이섬유가 풍부한 식사를 권장합니다.","소금을 줄이고, 식이섬유가 풍부한 식사를 권장합니다."
6,특히 식이섬유가 풍부한 채소류와 단백질이 조화를 이루도록 조절하시는 것이 중요합니다.,혈압을 유지하기 위해 탄수화물 섭취를 조절하세요.,혈압을 유지하기 위해 탄수화물 섭취를 조절하세요.
6,"단백질이 풍부한 두부와 피망을 볶아서 드시고, 페퍼민트 차를 마시는 것을 추천드립니다.",규칙적인 운동은 혈압 관리에 중요한 역할을 합니다.,규칙적인 운동은 혈압 관리에 중요한 역할을 합니다.
6,고등어를 구워서 드세요. 고등어는 오메가-3 지방산이 풍부하여 혈압을 낮추는 데 도움을 줍니다.,건강한 식습관과 함께 스트레스 관리를 하세요.,건강한 식습관과 함께 스트레스 관리를 하세요.
6,"탄수화물을 줄이고, 단백질이 풍부한 음식을 섭취하시는 것이 좋습니다.",매일 식사 전후에 물을 충분히 섭취하세요.,매일 식사 전후에 물을 충분히 섭취하세요.
6,"자연 발효된 요거트나 견과류를 선택하시고, 과일보다는 식이섬유가 많은 건강한 음식을 섭취하시길 권장합니다.",건강 검진을 정기적으로 받아 보세요.,건강 검진을 정기적으로 받아 보세요.
6,"고단백, 저지방 식사를 추천드리며, 비타민과 무기질이 풍부한 음식을 함께 섭취하시기를 권장드립니다.",고혈압을 관리하기 위해 체중을 적정하게 유지하세요.,고혈압을 관리하기 위해 체중을 적정하게 유지하세요.
6,단순한 탄수화물보다는 단백질과 섬유질이 함께 들어간 식사를 섭취하시는 것이 건강에 도움이 됩니다.,담백하고 적절한 식사를 유지하세요.,담백하고 적절한 식사를 유지하세요.
6,견과류나 식이섬유가 풍부한 음식을 섭취하시길 권유드립니다.,운동 전 후로 충분한 스트레칭을 하세요.,운동 전 후로 충분한 스트레칭을 하세요.
6,단백질이 풍부한 식사를 중심으로 섭취하시는 것이 좋습니다.,정기적인 혈압 모니터링이 중요합니다.,정기적인 혈압 모니터링이 중요합니다.
6,식이섬유가 풍부한 채소와 생선 구이를 함께 섭취하세요.,"건강한 생활습관을 유지하고, 담백한 식사를 섭취하세요.","건강한 생활습관을 유지하고, 담백한 식사를 섭취하세요."
6,"단백질이 풍부한 계란과 함께 고섬유 곡물 식빵을 섭취하시고, 오렌지 주스 대신 생강 차를 권장드립니다.",칼슘과 마그네슘이 풍부한 식품을 먹는 것이 혈압 관리에 도움이 됩니다.,칼슘과 마그네슘이 풍부한 식품을 먹는 것이 혈압 관리에 도움이 됩니다.
6,"잡곡밥과 함께 철분이 풍부한 시금치와 참치 샐러드를 드시고, 녹차를 마시는 것을 추천드립니다.",건강한 식사와 함께 식염을 줄이는 것이 중요합니다.,건강한 식사와 함께 식염을 줄이는 것이 중요합니다.
6,"철분이 풍부한 견과류와 함께 사과를 섭취하거나, 체리 토마토와 브로콜리를 함께 먹는 것이 좋습니다.",혈압을 관리하기 위해 정기적으로 운동하세요.,혈압을 관리하기 위해 정기적으로 운동하세요.
6,"닭가슴살과 퀴노아를 곁들인 채소 샐러드를 드시고, 식사 후 허브차를 마시는 것이 좋습니다.",고혈압을 관리하기 위해 정기적으로 의사와 상담하세요.,고혈압을 관리하기 위해 정기적으로 의사와 상담하세요.
6,"철분이 풍부한 땅콩 버터와 꿀을 발라 먹거나, 귤과 호두를 혼합해 드세요.",건강한 식습관을 위해 신선한 과일과 채소를 많이 먹으세요.,건강한 식습관을 위해 신선한 과일과 채소를 많이 먹으세요.
6,"소고기 스튜와 함께 고구마를 곁들인 건강한 식사를 섭취하고, 레몬 워터를 마시는 것은 어떠신가요?",혈압을 안정시키기 위해 피해야 할 음식을 알아두세요.,혈압을 안정시키기 위해 피해야 할 음식을 알아두세요.
6,고단백 저지방 요구르트와 함께 아몬드와 건조 과일을 혼합한 스낵을 즐기세요.,혈압 관리를 위해 매일 걷기를 습관으로 만드세요.,혈압 관리를 위해 매일 걷기를 습관으로 만드세요.
6,"시금치와 로메인에 아보카도 슬라이스와 석류 씨를 얹고, 올리브 오일과 발사믹 식초로 드레싱하세요. 석류 씨는 항산화제가 풍부하고 아보카도는 건강한 지방을 제공합니다.",고혈압 환자에게는 정기적인 식사 시간을 유지하는 것이 중요합니다.,고혈압 환자에게는 정기적인 식사 시간을 유지하는 것이 중요합니다.
6,"코코넛 밀크와 강황을 넣어 만든 렌틸콩 커리 스튜를 드세요. 강황은 항염 작용을 하고, 코코넛 밀크는 건강한 지방을 제공합니다.",건강한 식습관과 함께 스트레스를 관리하세요.,건강한 식습관과 함께 스트레스를 관리하세요.
6,"통밀 라자냐 면에 시금치, 리코타 치즈, 그리고 카푸차 스쿼시를 층층이 쌓아 오븐에 구워 드세요. 카푸차 스쿼시는 베타카로틴과 비타민 C가 풍부합니다.",혈압을 안정시키기 위해 의사와 함께 협력하세요.,혈압을 안정시키기 위해 의사와 함께 협력하세요.
6,급격한 다이어트는 갑상선 기능에 부담을 줄 수 있으므로 영양 균형을 고려한 접근이 중요합니다.,고혈압을 관리하기 위해 체중을 줄이세요.,고혈압을 관리하기 위해 체중을 줄이세요.
6,갑상선 저하증의 치료나 관리에 대해 전문가의 조언 없이 자체적인 시도는 피하시기 바랍니다.,건강한 식습관과 함께 충분한 휴식을 취하세요.,건강한 식습관과 함께 충분한 휴식을 취하세요.
6,"단백질이 풍부한 두부와 피망을 볶아서 드시고, 페퍼민트 차를 마시는 것을 추천드립니다.",정기적인 운동이 혈압을 관리하는 데 도움이 됩니다.,정기적인 운동이 혈압을 관리하는 데 도움이 됩니다.
6,"과도한 소금 섭취는 혈압 상승을 유발할 수 있으므로, 식사 중 소금 사용을 최소화하세요.",고혈압 환자에게는 적정량의 수분을 섭취하는 것이 중요합니다.,고혈압 환자에게는 적정량의 수분을 섭취하는 것이 중요합니다.
7,"철분, 아연, 비타민 D 등의 필수 영양소를 적절히 섭취하여 갑상선 기능을 유지하세요.",오늘 하루도 수고하셨습니다. 당뇨 관리를 위해 식이섬유가 풍부한 식사를 섭취하세요.,오늘 하루도 수고하셨습니다. 당뇨 관리를 위해 식이섬유가 풍부한 식사를 섭취하세요.
7,"과도한 단순당 섭취는 혈당 조절을 어렵게 하고 체중 증가를 유도할 수 있으니, 당분이 적은 옵션을 선택하세요.",혈당 조절을 위해 규칙적인 식사와 운동이 중요합니다.,혈당 조절을 위해 규칙적인 식사와 운동이 중요합니다.
7,구운 새우에 코코넛과 라임을 곁들여 퀴노아 샐러드를 만드세요. 새우는 단백질과 오메가-3 지방산이 풍부합니다.,당뇨 관리를 위해 단 음식을 피하고 건강한 식습관을 유지하세요.,당뇨 관리를 위해 단 음식을 피하고 건강한 식습관을 유지하세요.
7,"흰빵 대신 통밀빵을 선택하고, 버터 대신 올리브 오일을 사용해 보세요. 통밀빵은 섬유질이 풍부해 혈압 조절에 도움이 됩니다.",매일 규칙적인 운동은 당뇨 관리에 큰 도움이 됩니다.,매일 규칙적인 운동은 당뇨 관리에 큰 도움이 됩니다.
7,"백미 대신 현미밥을 드시고, 고기 대신 오메가-3가 풍부한 연어를 드셔보세요. 오메가-3는 혈압을 낮추는 데 도움이 됩니다.",혈당 모니터링을 꾸준히 하세요. 자주 검사하는 것이 중요합니다.,혈당 모니터링을 꾸준히 하세요. 자주 검사하는 것이 중요합니다.
7,"다양한 채소를 포함한 샐러드를 드시고, 드레싱으로는 저염 간장이나 레몬즙을 사용하는 것을 추천드립니다. 저염 간장은 나트륨 섭취를 줄여줍니다.",당뇨 관리를 위해 스트레스를 줄이고 충분한 휴식을 취하세요.,당뇨 관리를 위해 스트레스를 줄이고 충분한 휴식을 취하세요.
7,짭짤한 과자 대신 신선한 과일을 선택해보세요. 과일은 비타민과 항산화제가 풍부해 혈압 관리에 좋습니다.,정기적인 식사와 함께 적절한 운동을 하세요. 당뇨 관리에 도움이 됩니다.,정기적인 식사와 함께 적절한 운동을 하세요. 당뇨 관리에 도움이 됩니다.
7,계란 요리를 할 때는 기름에 튀기기보다는 삶거나 찐 계란을 드세요. 계란은 양질의 단백질을 제공합니다.,당뇨를 관리하기 위해 과일과 채소를 다양하게 섭취하세요.,당뇨를 관리하기 위해 과일과 채소를 다양하게 섭취하세요.
7,당분이 높은 탄산음료보다는 무가당 녹차나 허브티를 드시는 것을 권장드립니다. 녹차는 항산화제가 풍부해 혈압 조절에 도움이 됩니다.,건강한 식습관과 함께 정기적으로 의료진과 상담하세요.,건강한 식습관과 함께 정기적으로 의료진과 상담하세요.
7,"육류 섭취 시에는 기름기가 적은 닭가슴살이나 칠면조를 선택하시고, 조리 시에는 찌기나 굽기를 이용해보세요. 닭가슴살은 단백질이 풍부합니다.",당뇨 관리를 위해 단 음식을 피하고 채소를 많이 먹으세요.,당뇨 관리를 위해 단 음식을 피하고 채소를 많이 먹으세요.
7,샐러드에 아보카도를 추가해 보세요. 아보카도는 칼륨과 건강한 지방을 공급하여 혈압 조절에 도움을 줍니다.,혈당 조절을 위해 적정량의 수분을 섭취하세요.,혈당 조절을 위해 적정량의 수분을 섭취하세요.
7,"시리얼 대신 오트밀을 드시고, 우유는 저지방 또는 무지방 우유로 대체해보세요. 오트밀은 섬유질이 풍부해 혈압을 낮추는 데 도움이 됩니다.",당뇨 관리를 위해 식사 전후에 혈당을 체크하세요.,당뇨 관리를 위해 식사 전후에 혈당을 체크하세요.
7,고당도 과일보다는 섬유질이 풍부한 사과나 배를 선택해보세요. 섬유질은 포만감을 유지해줍니다.,건강한 생활습관과 함께 피해야 할 음식을 알아두세요.,건강한 생활습관과 함께 피해야 할 음식을 알아두세요.
7,생선 섭취를 늘리기 위해 주 2회 정도 등푸른 생선인 고등어나 정어리를 드시는 것을 권장드립니다. 등푸른 생선은 오메가-3가 풍부해 혈압 조절에 좋습니다.,매일 규칙적인 운동을 하여 혈당 조절을 돕세요.,매일 규칙적인 운동을 하여 혈당 조절을 돕세요.
7,견과류 섭취 시에는 소금이 가미되지 않은 생아몬드나 호두를 선택하시면 좋습니다. 견과류는 건강한 지방과 단백질을 제공합니다.,당뇨 관리를 위해 자주 걷기를 습관으로 삼으세요.,당뇨 관리를 위해 자주 걷기를 습관으로 삼으세요.
7,채소 섭취를 늘리기 위해 매 끼니마다 다양한 색상의 채소를 골고루 드시는 것을 추천드립니다. 다양한 색상의 채소에는 비타민과 미네랄이 풍부합니다.,혈당 조절을 위해 식사와 운동을 조화롭게 유지하세요.,혈당 조절을 위해 식사와 운동을 조화롭게 유지하세요.
7,육류 대신 단백질을 보충할 수 있도록 두부나 콩류를 자주 드셔보세요. 두부와 콩류는 식물성 단백질과 섬유질을 제공합니다.,건강한 식습관과 함께 스트레스를 관리하는 방법을 배우세요.,건강한 식습관과 함께 스트레스를 관리하는 방법을 배우세요.
7,고구마나 당근 스틱처럼 건강한 채소를 이용한 요리를 준비해보세요. 고구마와 당근에는 베타카로틴과 비타민 A가 풍부합니다.,당뇨를 관리하기 위해 식이조절을 하세요.,당뇨를 관리하기 위해 식이조절을 하세요.
7,"조미료 사용을 줄이고, 신선한 허브나 향신료를 활용해 요리해보세요. 허브와 향신료는 항산화 효과가 있습니다.",혈당 관리를 위해 정기적으로 의료진을 찾아보세요.,혈당 관리를 위해 정기적으로 의료진을 찾아보세요.
7,신선한 과일과 함께 그릭 요거트를 곁들여 드시면 단백질과 칼슘을 함께 섭취할 수 있습니다.,당뇨 관리를 위해 칼로리 섭취를 줄이세요.,당뇨 관리를 위해 칼로리 섭취를 줄이세요.
7,정제된 곡물보다는 통곡물을 선택하여 영양소와 섬유질 섭취를 늘리세요. 통곡물에는 비타민 B군과 식이섬유가 풍부합니다.,건강한 생활습관을 유지하고 식이조절을 신경써주세요.,건강한 생활습관을 유지하고 식이조절을 신경써주세요.
7,물 섭취를 늘리기 위해 매 식사 전후로 한 잔의 물을 마시는 습관을 들이세요. 충분한 수분 섭취는 혈압을 조절하는 데 도움이 됩니다.,당뇨를 관리하기 위해 규칙적인 운동을 하세요.,당뇨를 관리하기 위해 규칙적인 운동을 하세요.
7,잡곡밥과 함께 다양한 채소로 만든 비빔밥을 드셔보세요. 잡곡밥은 철분과 식이섬유를 제공합니다.,혈당 조절을 위해 의사와 협력하세요.,혈당 조절을 위해 의사와 협력하세요.
7,샌드위치를 준비할 때는 마요네즈 대신 아보카도 스프레드를 사용해보세요. 아보카도에는 건강한 지방과 섬유질이 풍부합니다.,당뇨를 관리하기 위해 정기적으로 혈당을 측정하세요.,당뇨를 관리하기 위해 정기적으로 혈당을 측정하세요.
7,샐러드를 드실 때는 닭가슴살이나 퀴노아를 추가하여 단백질 섭취를 높이세요. 퀴노아는 완전 단백질과 식이섬유를 제공합니다.,건강한 식습관과 함께 적절한 식사시간을 유지하세요.,건강한 식습관과 함께 적절한 식사시간을 유지하세요.
7,신선한 베리를 넣은 스무디를 만들어 드시면 비타민과 항산화제를 함께 섭취할 수 있습니다. 베리는 항산화제가 풍부합니다.,당뇨 관리를 위해 식사를 규칙적으로 하세요.,당뇨 관리를 위해 식사를 규칙적으로 하세요.
7,저지방 요구르트에 신선한 과일과 견과류를 추가하여 드시면 좋습니다. 요구르트는 프로바이오틱스와 칼슘을 제공합니다.,"혈당 조절을 위해 단 음식을 피하고, 건강한 탄수화물을 선택하세요.","혈당 조절을 위해 단 음식을 피하고, 건강한 탄수화물을 선택하세요."
7,식사 후 디저트로는 케이크 대신 과일 샐러드를 준비해보세요. 과일 샐러드는 비타민과 항산화제가 풍부합니다.,당뇨 관리를 위해 정기적으로 의료진과 상담하는 것이 중요합니다.,당뇨 관리를 위해 정기적으로 의료진과 상담하는 것이 중요합니다.
7,매 끼니마다 섬유질 섭취를 위해 채소와 과일을 충분히 포함시키세요. 섬유질은 소화를 돕고 포만감을 유지해줍니다.,건강한 식습관과 함께 식품 라벨을 읽고 올바른 음식을 선택하세요.,건강한 식습관과 함께 식품 라벨을 읽고 올바른 음식을 선택하세요.
7,당도가 높은 과자보다는 생과일을 선택하세요. 생과일에는 비타민과 미네랄이 풍부합니다.,매일 규칙적인 운동과 함께 혈당 조절을 목표로 하세요.,매일 규칙적인 운동과 함께 혈당 조절을 목표로 하세요.
8,피로를 풀기 위해 커피 대신 카페인이 적은 허브차를 드시는 것을 추천드립니다. 허브차는 진정 효과가 있습니다.,오늘 하루도 수고하셨습니다. 빈혈 관리를 위해 철분이 풍부한 식사를 섭취하세요.,오늘 하루도 수고하셨습니다. 빈혈 관리를 위해 철분이 풍부한 식사를 섭취하세요.
8,샐러드에 레몬즙을 추가하여 상큼함과 비타민C를 더해보세요. 비타민 C는 혈관 건강을 지원합니다.,혈구 생성을 돕기 위해 적절한 수면을 취하세요.,혈구 생성을 돕기 위해 적절한 수면을 취하세요.
8,"식사 시에는 정제된 설탕 사용을 줄이고, 꿀이나 메이플 시럽을 대체해보세요. 꿀과 메이플 시럽은 자연적인 단맛을 제공합니다.",빈혈 예방을 위해 철분 보충제를 복용하세요.,빈혈 예방을 위해 철분 보충제를 복용하세요.
8,통밀빵과 함께 버터 대신 아보카도 스프레드를 사용해 보세요. 통밀빵은 섬유질이 풍부해 혈당 조절에 도움이 됩니다.,건강한 식습관과 함께 철분이 풍부한 채소를 섭취하세요.,건강한 식습관과 함께 철분이 풍부한 채소를 섭취하세요.
8,단백질이 풍부한 닭가슴살을 선택해보세요. 닭가슴살은 저지방 단백질을 제공합니다.,혈소판 생산을 촉진하기 위해 비타민 B12를 보충하세요.,혈소판 생산을 촉진하기 위해 비타민 B12를 보충하세요.
8,"다양한 채소를 포함한 샐러드를 드시고, 드레싱으로는 올리브 오일과 발사믹 식초를 사용하는 것을 추천드립니다. 올리브 오일은 건강한 지방을 제공합니다.",철분 흡수를 돕기 위해 비타민 C가 포함된 식품을 함께 섭취하세요.,철분 흡수를 돕기 위해 비타민 C가 포함된 식품을 함께 섭취하세요.
8,고당도 과일보다는 섬유질이 풍부한 사과나 배를 선택해보세요. 섬유질은 포만감을 유지해줍니다.,건강한 빈혈 예방을 위해 규칙적인 운동을 권장합니다.,건강한 빈혈 예방을 위해 규칙적인 운동을 권장합니다.
8,계란 요리를 할 때는 기름에 튀기기보다는 삶거나 찐 계란을 드세요. 계란은 단백질이 풍부합니다.,빈혈을 예방하고 개선하기 위해 식이조절을 신경써주세요.,빈혈을 예방하고 개선하기 위해 식이조절을 신경써주세요.
8,무가당 녹차나 허브티를 드시는 것을 권장드립니다. 녹차는 항산화제가 풍부해 혈당 조절에 도움이 됩니다.,철분 흡수를 돕기 위해 커피나 차를 식사 후 한 시간 이상 후에 마시세요.,철분 흡수를 돕기 위해 커피나 차를 식사 후 한 시간 이상 후에 마시세요.
8,"육류 섭취 시에는 기름기가 적은 닭가슴살이나 칠면조를 선택하시고, 조리 시에는 찌기나 굽기를 이용해보세요. 닭가슴살은 단백질이 풍부합니다.",혈중 산소 운반능력을 높이기 위해 규칙적인 식사를 유지하세요.,혈중 산소 운반능력을 높이기 위해 규칙적인 식사를 유지하세요.
8,샐러드에 아보카도를 추가해 보세요. 아보카도는 건강한 지방과 섬유질을 공급하여 혈당 조절에 도움을 줍니다.,빈혈 예방을 위해 생선이나 닭가슴살과 같은 단백질이 풍부한 식품을 섭취하세요.,빈혈 예방을 위해 생선이나 닭가슴살과 같은 단백질이 풍부한 식품을 섭취하세요.
8,"시리얼 대신 오트밀을 드시고, 우유는 저지방 또는 무지방 우유로 대체해보세요. 오트밀은 섬유질이 풍부해 혈당을 낮추는 데 도움이 됩니다.",건강한 생활습관과 함께 철분 보충제를 복용하세요.,건강한 생활습관과 함께 철분 보충제를 복용하세요.
8,당도가 높은 과일보다는 섬유질이 풍부한 사과나 배를 선택해보세요. 섬유질은 포만감을 유지해줍니다.,철분이 풍부한 식품을 함께 섭취하여 빈혈을 예방하세요.,철분이 풍부한 식품을 함께 섭취하여 빈혈을 예방하세요.
8,생선 섭취를 늘리기 위해 주 2회 정도 등푸른 생선인 고등어나 정어리를 드시는 것을 권장드립니다. 등푸른 생선은 오메가-3가 풍부해 혈당 조절에 좋습니다.,빈혈 예방을 위해 스트레스를 줄이고 충분한 휴식을 취하세요.,빈혈 예방을 위해 스트레스를 줄이고 충분한 휴식을 취하세요.
8,견과류 섭취 시에는 소금이 가미되지 않은 생아몬드나 호두를 선택하시면 좋습니다. 견과류는 건강한 지방과 단백질을 제공합니다.,철분을 충분히 섭취하여 혈중 철분 농도를 유지하세요.,철분을 충분히 섭취하여 혈중 철분 농도를 유지하세요.
8,채소 섭취를 늘리기 위해 매 끼니마다 다양한 색상의 채소를 골고루 드시는 것을 추천드립니다. 다양한 색상의 채소에는 비타민과 미네랄이 풍부합니다.,혈액순환을 촉진하기 위해 걷기와 같은 규칙적인 운동을 하세요.,혈액순환을 촉진하기 위해 걷기와 같은 규칙적인 운동을 하세요.
8,육류 대신 단백질을 보충할 수 있도록 두부나 콩류를 자주 드셔보세요. 두부와 콩류는 식물성 단백질과 섬유질을 제공합니다.,빈혈을 예방하기 위해 신선한 과일과 채소를 많이 먹으세요.,빈혈을 예방하기 위해 신선한 과일과 채소를 많이 먹으세요.
8,당근 라페김밥을 준비해보세요. 당근에는 베타카로틴과 비타민 A가 풍부합니다.,철분 흡수를 돕기 위해 고기와 같은 철분이 풍부한 식품을 섭취하세요.,철분 흡수를 돕기 위해 고기와 같은 철분이 풍부한 식품을 섭취하세요.
8,"조미료 사용을 줄이고, 신선한 허브나 향신료를 활용해 요리해보세요. 허브와 향신료는 항산화 효과가 있습니다.",빈혈을 예방하고 개선하기 위해 정기적으로 의료진을 방문하세요.,빈혈을 예방하고 개선하기 위해 정기적으로 의료진을 방문하세요.
8,신선한 과일과 함께 그릭 요거트를 곁들여 드시면 단백질과 칼슘을 함께 섭취할 수 있습니다.,철분이 부족할 경우 보충제를 복용하여 빈혈을 예방하세요.,철분이 부족할 경우 보충제를 복용하여 빈혈을 예방하세요.
8,정제된 곡물보다는 통곡물을 선택하여 영양소와 섬유질 섭취를 늘리세요. 통곡물에는 비타민 B군과 식이섬유가 풍부합니다.,건강한 식습관과 함께 식사 후 당분이 풍부한 음료는 피하시기 바랍니다.,건강한 식습관과 함께 식사 후 당분이 풍부한 음료는 피하시기 바랍니다.
8,물 섭취를 늘리기 위해 매 식사 전후로 한 잔의 물을 마시는 습관을 들이세요. 충분한 수분 섭취는 혈당을 조절하는 데 도움이 됩니다.,빈혈을 예방하기 위해 정기적으로 혈액검사를 받으세요.,빈혈을 예방하기 위해 정기적으로 혈액검사를 받으세요.
8,잡곡밥과 함께 다양한 채소로 만든 비빔밥을 드셔보세요. 잡곡밥은 철분과 식이섬유를 제공합니다.,철분을 충분히 섭취하여 빈혈을 예방하고 체력을 유지하세요.,철분을 충분히 섭취하여 빈혈을 예방하고 체력을 유지하세요.
8,샌드위치를 준비할 때는 마요네즈 대신 아보카도 스프레드를 사용해보세요. 아보카도에는 건강한 지방과 섬유질이 풍부합니다.,혈구 생성을 돕기 위해 비타민 B12가 풍부한 음식을 섭취하세요.,혈구 생성을 돕기 위해 비타민 B12가 풍부한 음식을 섭취하세요.
8,샐러드를 드실 때는 닭가슴살이나 퀴노아를 추가하여 단백질 섭취를 높이세요. 퀴노아는 완전 단백질과 식이섬유를 제공합니다.,빈혈을 예방하기 위해 적절한 수분을 섭취하세요.,빈혈을 예방하기 위해 적절한 수분을 섭취하세요.
8,신선한 베리를 넣은 스무디를 만들어 드시면 비타민과 항산화제를 함께 섭취할 수 있습니다. 베리는 항산화제가 풍부합니다.,건강한 생활습관과 함께 정기적인 체크업을 받으세요.,건강한 생활습관과 함께 정기적인 체크업을 받으세요.
9,요구르트에 신선한 과일과 견과류를 추가하여 드시면 좋습니다. 요구르트는 프로바이오틱스와 칼슘을 제공합니다.,"""오늘 하루도 수고 많으셨습니다. 체중 관리를 위해 하루 30분 이상 걷기 운동을 해보세요.""",오늘 하루도 수고 많으셨습니다. 체중 관리를 위해 하루 30분 이상 걷기 운동을 해보세요.
9,식사 후 디저트로는 케이크 대신 과일 샐러드를 준비해보세요. 과일 샐러드는 비타민과 항산화제가 풍부합니다.,"""균형 잡힌 식단을 유지하고, 과식을 피하세요. 작은 접시를 사용하면 도움이 됩니다.""","균형 잡힌 식단을 유지하고, 과식을 피하세요. 작은 접시를 사용하면 도움이 됩니다."
9,매 끼니마다 섬유질 섭취를 위해 채소와 과일을 충분히 포함시키세요. 섬유질은 소화를 돕고 포만감을 유지해줍니다.,"""하루에 물을 충분히 섭취하세요. 물은 몸의 해독을 돕습니다.""",하루에 물을 충분히 섭취하세요. 물은 몸의 해독을 돕습니다.
9,당도가 높은 과자보다는 생과일을 선택하세요. 생과일에는 비타민과 미네랄이 풍부합니다.,"""정기적으로 스트레칭을 하여 몸의 유연성을 유지하세요.""",정기적으로 스트레칭을 하여 몸의 유연성을 유지하세요.
9,피로를 풀기 위해 커피 대신 카페인이 적은 허브차를 드시는 것을 추천드립니다. 허브차는 진정 효과가 있습니다.,"""스트레스를 줄이기 위해 명상이나 요가를 시도해 보세요.""",스트레스를 줄이기 위해 명상이나 요가를 시도해 보세요.
9,샐러드에 레몬즙을 추가하여 상큼함과 비타민C를 더해보세요. 비타민 C는 면역 기능을 지원합니다.,"""하루에 7-8시간 충분히 잠을 자는 것이 중요합니다.""",하루에 7-8시간 충분히 잠을 자는 것이 중요합니다.
9,"식사 시에는 정제된 설탕 사용을 줄이고, 꿀이나 메이플 시럽을 대체해보세요. 꿀과 메이플 시럽은 자연적인 단맛을 제공합니다.","""정기적으로 혈압과 혈당 수치를 체크하세요.""",정기적으로 혈압과 혈당 수치를 체크하세요.
9,"철분이 풍부한 시금치와 함께 닭고기 샐러드를 드시기를 추천드리며, 녹차보다는 비타민 C가 풍부한 오렌지 주스를 권장드립니다.","""채소와 과일을 충분히 섭취하여 비타민과 미네랄을 보충하세요.""",채소와 과일을 충분히 섭취하여 비타민과 미네랄을 보충하세요.
9,"철분이 많이 함유된 통곡물 시리얼과 딸기를 함께 섭취하시고, 우유보다는 아몬드 밀크를 드시는 것이 좋습니다.","""일주일에 3번 이상 유산소 운동을 해보세요.""",일주일에 3번 이상 유산소 운동을 해보세요.
9,비타민 C가 풍부한 파프리카와 철분이 풍부한 호두를 드시길 권장드립니다.,"""기름진 음식과 가공식품을 피하고, 자연식품을 섭취하세요.""","기름진 음식과 가공식품을 피하고, 자연식품을 섭취하세요."
9,철분이 많이 함유된 콩나물 무침과 비타민 C가 풍부한 브로콜리를 함께 드세요.,"""소금 섭취를 줄이고, 저염식을 실천하세요.""","소금 섭취를 줄이고, 저염식을 실천하세요."
9,철분이 풍부한 오트밀과 비타민 C가 많은 키위를 함께 섭취하시길 권장드립니다.,"""가벼운 운동을 일상 생활에 통합해 보세요. 예를 들어, 엘리베이터 대신 계단을 이용하세요.""","가벼운 운동을 일상 생활에 통합해 보세요. 예를 들어, 엘리베이터 대신 계단을 이용하세요."
9,비타민 C가 풍부한 딸기와 철분이 많이 함유된 아몬드를 드세요.,"""주기적으로 건강 검진을 받아 조기 발견과 예방에 신경 쓰세요.""",주기적으로 건강 검진을 받아 조기 발견과 예방에 신경 쓰세요.
9,철분이 풍부한 렌틸콩 샐러드와 비타민 C가 많은 레몬 드레싱을 추천해드립니다.,"""알코올 섭취를 줄이고, 금연을 실천하세요.""","알코올 섭취를 줄이고, 금연을 실천하세요."
9,철분이 많은 쇠고기 스테이크와 비타민 C가 풍부한 피망을 함께 드세요.,"""하루에 정해진 시간에 규칙적으로 식사하세요.""",하루에 정해진 시간에 규칙적으로 식사하세요.
9,철분이 풍부한 두부와 비타민 C가 많은 오렌지를 함께 드시길 권장드려요.,"""고단백 저지방 음식을 선택하여 건강한 체중을 유지하세요.""",고단백 저지방 음식을 선택하여 건강한 체중을 유지하세요.
9,호두와 비타민 C가 많은 파인애플을 함께 섭취하세요.,"""식사 후에는 가볍게 산책을 해보세요.""",식사 후에는 가볍게 산책을 해보세요.
9,철분이 많이 함유된 쇠고기와 비타민 C가 풍부한 귤을 함께 드세요.,"""식단에 오메가-3 지방산이 풍부한 음식을 포함시키세요.""",식단에 오메가-3 지방산이 풍부한 음식을 포함시키세요.
9,철분이 풍부한 검은콩 샐러드와 비타민 C가 많은 토마토를 함께 드세요.,"""적절한 스트레칭과 호흡 운동으로 긴장을 풀어보세요.""",적절한 스트레칭과 호흡 운동으로 긴장을 풀어보세요.
9,통곡물 시리얼과 딸기를 함께 드시길 권장드립니다.,"""하루에 한 번씩 마음을 가라앉히는 시간을 가져보세요.""",하루에 한 번씩 마음을 가라앉히는 시간을 가져보세요.
9,"잡곡밥과 함께 시금치와 토마토를 곁들인 가벼운 훈제 연어를 섭취하시고, 물 대신 철분 흡수를 돕는 레몬 워터를 마시는 것이 좋습니다.","""정기적으로 체중을 체크하고, 건강 목표를 설정하세요.""","정기적으로 체중을 체크하고, 건강 목표를 설정하세요."
9,"철분이 풍부한 스파이너치와 함께 토마토 스크램블 에그를 즐기시고, 오렌지 주스 대신 신선한 자몽 주스를 권장드립니다.","""체중 감량 목표를 세우고, 이를 기록해 보세요.""","체중 감량 목표를 세우고, 이를 기록해 보세요."
9,"철분이 풍부한 씨앗과 견과류를 혼합한 스무디를 즐기거나, 고기보다는 콩과 브로콜리를 섭취하는 것이 좋습니다.","""가공식품과 설탕 섭취를 줄이세요.""",가공식품과 설탕 섭취를 줄이세요.
9,"닭 가슴살과 녹색 채소를 곁들인 퀴노아 샐러드를 드시고, 허브차나 자몽 티를 마시는 것을 추천드립니다.","""식사 전후로 충분한 물을 마시세요.""",식사 전후로 충분한 물을 마시세요.
9,"철분 보강제를 포함한 식품을 섭취하고, 채식을 즐기는 것이 필요한 경우 채식 채굴을 권장 드립니다","""정기적인 운동 계획을 세워서 실천해 보세요.""",정기적인 운동 계획을 세워서 실천해 보세요.
9,철분이 풍부한 시리얼과 함께 블루베리를 곁들인 요거트를 즐기세요. 차보다는 신선한 오렌지 주스를 권장드립니다.,"""유제품은 저지방 또는 무지방 제품을 선택하세요.""",유제품은 저지방 또는 무지방 제품을 선택하세요.
9,"잡곡밥과 함께 철분이 풍부한 시금치와 삶은 계란을 함께 섭취하시고, 생강차를 마시는 것을 추천드립니다.","""가공 육류 대신 생선을 선택하세요.""",가공 육류 대신 생선을 선택하세요.
9,"아몬드와 건조한 과일을 혼합한 스낵을 즐기거나, 철분이 풍부한 콩과 닭가슴살 스틱을 곁들인 채소를 섭취하세요.","""건강한 지방을 섭취하기 위해 아보카도와 견과류를 드세요.""",건강한 지방을 섭취하기 위해 아보카도와 견과류를 드세요.
9,"연어와 콩과 새싹을 곁들인 샐러드를 즐기고, 철분을 흡수할 수 있는 녹차를 마시는 것이 좋습니다.","""하루에 한 번 이상 신선한 공기를 마시러 밖에 나가보세요.""",하루에 한 번 이상 신선한 공기를 마시러 밖에 나가보세요.
9,걷기나 수영과 같은 저Impact 운동을 통해 체력을 유지하고 철분을 효과적으로 이용하세요.,"""낮잠을 피하고, 밤에 충분한 수면을 취하세요.""","낮잠을 피하고, 밤에 충분한 수면을 취하세요."